<?xml version='1.0' encoding='utf-8'?>
<!DOCTYPE hibernate-configuration PUBLIC
"-//Hibernate/Hibernate Configuration DTD//EN"
"http://www.hibernate.org/dtd/hibernate-configuration-3.0.dtd">

<hibernate-configuration>
<session-factory>
<property name="hibernate.connection.driver_class">com.mysql.jdbc.Driver</property>
<property name="hibernate.connection.url">jdbc:mysql://127.0.0.1:3306/microbit
</property>
<property name="hibernate.connection.username">root</property>
<property name="hibernate.connection.password">ddww4l</property>
<property name="hibernate.connection.pool_size">10</property>
<property name="show_sql">true</property>
<property name="dialect">org.hibernate.dialect.MySQLInnoDBDialect</property>
<property name="hibernate.current_session_context_class">thread</property>

<mapping resource="contact.hbm.xml"/>
<mapping resource="history.hbm.xml"/>
<mapping resource="user.hbm.xml"/>
<mapping resource="dict.hbm.xml"/>

</session-factory>
</hibernate-configuration>