<?xml version='1.0'?>
<!DOCTYPE hibernate-mapping PUBLIC
"-//Hibernate/Hibernate Mapping DTD 3.0//EN"
"http://www.hibernate.org/dtd/hibernate-mapping-3.0.dtd">

<hibernate-mapping package="org.silix.the9ull.microbit.model">
	<class name="HistoryP" table="History">
	
		<id name="id" type="int">
			<column name="`id`"/>
			<generator class="identity"/>
		</id>
		<many-to-one name="from" class="UserP">
			<column name="`from`" not-null="true"/>
		</many-to-one>
		<many-to-one name="to" class="UserP">
			<column name="`to`" not-null="true"/>
		</many-to-one>
		<property name="when" type="timestamp"><column name="`when`"/></property>
		<property name="howmuch" type="big_decimal"><column name="`howmuch`"/></property>
		<property name="fee" type="big_decimal"><column name="`fee`"/></property>
		<property name="txidcrc" type="long"><column name="`txidcrc`"/></property>
		
		
	</class>
</hibernate-mapping>